{
  "article": [],
  "blog": [],
  "collection": [],
  "company": [],
  "company_location": [],
  "location": [],
  "market": [],
  "order": [],
  "page": [],
  "product": [
    {
      "key": "color-pattern",
      "namespace": "shopify",
      "name": "颜色",
      "description": "定义主要颜色或图案，例如蓝色或带条纹",
      "type": {
        "name": "list.metaobject_reference",
        "category": "REFERENCE"
      }
    },
    {
      "key": "bracelet-design",
      "namespace": "shopify",
      "name": "手镯设计",
      "description": "指定手链的设计，例如带吊坠、开口式",
      "type": {
        "name": "list.metaobject_reference",
        "category": "REFERENCE"
      }
    }
  ],
  "variant": [],
  "shop": []
}